i_max,t_max,threads,time_sec
10000000,512,1,10.5609
10000000,512,2,6.36526
10000000,512,4,3.9063
10000000,512,6,3.69939
10000000,512,8,3.71694
10000000,512,12,5.57003
10000000,512,14,7.05587
10000000,512,16,6.91921
