i_max,t_max,threads,time_sec
1000,8388608,1,18.480000
1000,8388608,2,42.420000
1000,8388608,4,78.920000
