i_max,t_max,threads,time_sec
10000000,512,1,10.6362
10000000,512,2,5.64471
10000000,512,4,3.96177
10000000,512,6,3.68206
10000000,512,8,3.65838
10000000,512,12,5.44617
10000000,512,14,6.19674
10000000,512,16,6.73203
