i_max,t_max,threads,time_sec
10000000,512,1,10.5936
10000000,512,2,5.72858
10000000,512,4,3.88371
10000000,512,6,3.70108
10000000,512,8,3.68813
10000000,512,12,7.28141
10000000,512,14,6.24263
10000000,512,16,7.15468
