i_max,t_max,threads,time_sec
10000000,512,1,10.5654
10000000,512,2,5.61228
10000000,512,4,3.89279
10000000,512,6,3.69371
10000000,512,8,3.66679
10000000,512,12,5.90547
10000000,512,14,6.65025
10000000,512,16,6.51986
