i_max,t_max,threads,time_sec
10000000,512,1,10.6195
10000000,512,2,5.81649
10000000,512,4,3.87202
10000000,512,6,3.70526
10000000,512,8,3.71348
10000000,512,12,7.56765
10000000,512,14,8.65657
10000000,512,16,7.39015
