i_max,t_max,threads,time_sec
10000000,512,1,10.6094
10000000,512,2,5.61539
10000000,512,4,4.00682
10000000,512,6,3.73209
10000000,512,8,3.65104
10000000,512,12,8.09885
10000000,512,14,6.17041
10000000,512,16,7.63144
