i_max,t_max,threads,time_sec
1000,8388608,1,18.530000
1000,8388608,2,45.200000
