i_max,t_max,threads,time_sec
10000000,512,1,10.5622
10000000,512,2,5.56329
10000000,512,4,4.04638
10000000,512,6,3.70486
10000000,512,8,3.71758
10000000,512,12,8.41687
10000000,512,14,7.92129
10000000,512,16,7.75713
