i_max,t_max,threads,time_sec
10000000,512,1,10.6264
10000000,512,2,5.5575
10000000,512,4,3.89353
10000000,512,6,3.76019
10000000,512,8,3.64307
10000000,512,12,7.0657
10000000,512,14,7.1215
10000000,512,16,8.00739
