i_max,t_max,threads,time_sec
10000000,512,1,10.5562
10000000,512,2,5.55784
10000000,512,4,3.88003
10000000,512,6,3.68645
10000000,512,8,3.71713
10000000,512,12,9.84292
10000000,512,14,5.98554
10000000,512,16,8.96192
