i_max,t_max,threads,time_sec
10000000,512,1,10.5683
10000000,512,2,5.61372
10000000,512,4,3.97695
10000000,512,6,3.70955
10000000,512,8,3.69035
10000000,512,12,9.20979
10000000,512,14,7.85331
10000000,512,16,6.49338
