i_max,t_max,threads,time_sec
1000,8388608,1,17.7825
1000,8388608,2,20.0825
1000,8388608,4,22.8528
1000,8388608,6,26.9945
1000,8388608,8,30.147
1000,8388608,12,74.4815
1000,8388608,14,84.8777
1000,8388608,16,92.4658
10000,1048576,1,17.1056
10000,1048576,2,17.8862
10000,1048576,4,19.2772
10000,1048576,6,20.9338
10000,1048576,8,22.0347
10000,1048576,12,26.0567
10000,1048576,14,27.1373
10000,1048576,16,28.0265
100000,65536,1,10.3765
100000,65536,2,5.46045
100000,65536,4,3.93165
100000,65536,6,2.32031
100000,65536,8,2.23673
100000,65536,12,2.49233
100000,65536,14,2.70094
100000,65536,16,2.61731
1000000,8192,1,15.0597
1000000,8192,2,7.56138
1000000,8192,4,4.60076
1000000,8192,6,3.68893
1000000,8192,8,3.17228
1000000,8192,12,1.6796
1000000,8192,14,1.44809
1000000,8192,16,1.18236
10000000,256,1,10.8185
10000000,256,2,9.53812
10000000,256,4,9.07231
10000000,256,6,8.8817
10000000,256,8,8.78387
10000000,256,12,5.51792
10000000,256,14,4.91816
10000000,256,16,4.1881
i_max,t_max,threads,time_sec
1000,8388608,1,17.7185
1000,8388608,2,20.5606
1000,8388608,4,23.4995
1000,8388608,6,26.9904
1000,8388608,8,30.2599
1000,8388608,12,77.2601
1000,8388608,14,82.711
1000,8388608,16,91.5016
10000,1048576,1,17.2315
10000,1048576,2,17.4321
10000,1048576,4,19.6277
10000,1048576,6,20.9882
10000,1048576,8,22.0539
10000,1048576,12,26.0779
10000,1048576,14,27.0444
10000,1048576,16,28.0231
100000,65536,1,11.1171
100000,65536,2,5.44309
100000,65536,4,4.03084
100000,65536,6,2.36119
100000,65536,8,2.45277
100000,65536,12,2.8053
100000,65536,14,2.68645
100000,65536,16,2.7304
1000000,8192,1,15.2134
1000000,8192,2,7.92217
1000000,8192,4,4.33771
1000000,8192,6,3.69611
1000000,8192,8,3.24304
1000000,8192,12,1.6432
1000000,8192,14,1.42236
1000000,8192,16,1.18052
10000000,512,1,10.6038
10000000,512,2,5.54664
10000000,512,4,4.00693
10000000,512,6,3.7134
10000000,512,8,3.69747
10000000,512,12,5.64382
10000000,512,14,6.4077
10000000,512,16,6.02649
