i_max,t_max,threads,time_sec
10000000,512,1,10.5646
10000000,512,2,5.64692
10000000,512,4,3.8708
10000000,512,6,3.73793
10000000,512,8,3.75352
10000000,512,12,8.98669
10000000,512,14,7.50019
10000000,512,16,8.43727
