i_max,t_max,threads,time_sec
10000000,512,1,10.4436
10000000,512,2,5.5618
10000000,512,4,3.88
10000000,512,6,3.73844
10000000,512,8,3.72428
10000000,512,12,6.79922
10000000,512,14,6.12086
10000000,512,16,6.51983
