i_max,t_max,threads,time_sec
10000000,512,1,10.4462
10000000,512,2,5.56098
10000000,512,4,3.96816
10000000,512,6,3.68197
10000000,512,8,3.68013
10000000,512,12,11.0413
10000000,512,14,6.38452
10000000,512,16,7.48511
