i_max,t_max,threads,time_sec
1000,8388608,1,18.550000
1000,8388608,1,18.480000
1000,8388608,1,18.550000
1000,8388608,2,39.340000
1000,8388608,2,50.610000
1000,8388608,2,41.710000
1000,8388608,4,76.640000
1000,8388608,4,60.700000
1000,8388608,4,65.060000
1000,8388608,6,83.330000
1000,8388608,6,97.470000
1000,8388608,6,94.520000
1000,8388608,8,121.750000
