i_max,t_max,threads,time_sec
10000000,512,1,10.6783
10000000,512,2,5.47985
10000000,512,4,3.85266
10000000,512,6,3.66909
10000000,512,8,3.65907
10000000,512,12,7.60117
10000000,512,14,7.81361
10000000,512,16,6.28827
