i_max,t_max,threads,time_sec
10000000,512,1,10.5584
10000000,512,2,6.12813
10000000,512,4,4.0032
10000000,512,6,3.69101
10000000,512,8,3.68831
10000000,512,12,11.0435
10000000,512,14,7.04372
10000000,512,16,7.708
