i_max,t_max,threads,time_sec
10000000,512,1,10.5718
10000000,512,2,5.69574
10000000,512,4,3.99142
10000000,512,6,3.70834
10000000,512,8,3.67991
10000000,512,12,7.24785
10000000,512,14,6.91759
10000000,512,16,6.38852
