i_max,t_max,threads,time_sec
10000000,512,1,10.5693
10000000,512,2,5.58111
10000000,512,4,3.86723
10000000,512,6,3.73792
10000000,512,8,3.70144
10000000,512,12,9.19648
10000000,512,14,6.26587
10000000,512,16,8.19986
