i_max,t_max,threads,time_sec
1000,8388608,1,17.7633
1000,8388608,2,20.4057
1000,8388608,4,23.1201
1000,8388608,6,27.6744
1000,8388608,8,30.3662
1000,8388608,12,75.8399
1000,8388608,14,84.0566
1000,8388608,16,92.6388
10000,1048576,1,17.1549
10000,1048576,2,17.971
10000,1048576,4,19.7262
10000,1048576,6,20.954
10000,1048576,8,22.0215
10000,1048576,12,26.0258
10000,1048576,14,27.1441
10000,1048576,16,28.0462
100000,65536,1,10.4935
100000,65536,2,5.44539
100000,65536,4,4.02572
100000,65536,6,2.35512
100000,65536,8,2.45089
100000,65536,12,2.81913
100000,65536,14,2.75177
100000,65536,16,2.72035
1000000,8192,1,15.5241
1000000,8192,2,7.88241
1000000,8192,4,4.48103
1000000,8192,6,3.58527
1000000,8192,8,3.13459
1000000,8192,12,1.6596
1000000,8192,14,1.44071
1000000,8192,16,1.19788
10000000,512,1,10.7312
10000000,512,2,6.48437
10000000,512,4,3.94335
10000000,512,6,3.68067
10000000,512,8,3.68557
10000000,512,12,4.98213
10000000,512,14,5.86399
10000000,512,16,5.49615
i_max,t_max,threads,time_sec
1000,8388608,1,17.7185
1000,8388608,2,20.5606
1000,8388608,4,23.4995
1000,8388608,6,26.9904
1000,8388608,8,30.2599
1000,8388608,12,77.2601
1000,8388608,14,82.711
1000,8388608,16,91.5016
10000,1048576,1,17.2315
10000,1048576,2,17.4321
10000,1048576,4,19.6277
10000,1048576,6,20.9882
10000,1048576,8,22.0539
10000,1048576,12,26.0779
10000,1048576,14,27.0444
10000,1048576,16,28.0231
100000,65536,1,11.1171
100000,65536,2,5.44309
100000,65536,4,4.03084
100000,65536,6,2.36119
100000,65536,8,2.45277
100000,65536,12,2.8053
100000,65536,14,2.68645
100000,65536,16,2.7304
1000000,8192,1,15.2134
1000000,8192,2,7.92217
1000000,8192,4,4.33771
1000000,8192,6,3.69611
1000000,8192,8,3.24304
1000000,8192,12,1.6432
1000000,8192,14,1.42236
1000000,8192,16,1.18052
10000000,512,1,10.6038
10000000,512,2,5.54664
10000000,512,4,4.00693
10000000,512,6,3.7134
10000000,512,8,3.69747
10000000,512,12,5.64382
10000000,512,14,6.4077
10000000,512,16,6.02649

