i_max,t_max,threads,time_sec
10000000,512,1,10.566
10000000,512,2,5.56912
10000000,512,4,3.97073
10000000,512,6,3.68724
10000000,512,8,3.71583
10000000,512,12,7.05159
10000000,512,14,7.53814
10000000,512,16,8.23278
