N,steps,block_size,max_abs_error
1000,100,512,1.911195
10000,100,512,0.2381514
100000,100,512,0.03721769
1000000,100,512,0.01708636
10000000,100,512,0.01507107
