N,steps,block_size,max_abs_error
1000,10,512,0.229456
10000,10,512,0.0350786
100000,10,512,0.015602020000000001
1000000,10,512,0.013655170000000001
10000000,10,512,0.0134585
