N,steps,block_size,max_abs_error
1000,1000,512,1.79196
10000,1000,512,1.8978142
100000,1000,512,0.236303
1000000,1000,512,0.036843299999999995
